Cluster	Video Title
4	Golden Apple Archipelago OST Suite - Genshin Impact
2	people2vec video
1	ë³´ê³ ì‹¶ë‹¤ (ë³´ê³ ì‹¶ë‹¤)
2	From the beginning till now
1	ğğ¥ğšğ²ğ¥ğ¢ğ¬ğ­ | ë‚´ì¼ ì„¸ìƒì´ ëë‚˜ë²„ë¦°ëŒ€
2	My Memory
4	Relaxing Octopath Traveler Piano Cover Collection â™«  | MIDI&#39;s Available
2	Beloved
2	Reflection Of Myself
2	Beloved
2	If I Could See You Again
2	Yiruma - Time Forgets
0	Derive Equation for q line in McCabe Thiele Method
4	The Best Of YIRUMA Yiruma&#39;s Greatest Hits ~ Best Piano (HD/HQ)
2	Spring time - Yiruma
2	Yiruma - Time Forgets
4	Genshin Impact 2.0 OST - Relaxing Inazuma Piano Cover Collection / Sheets &amp; MIDIs
2	Yiruma - Maybe
2	Yiruma - I (First Love)
2	Yiruma - Time Forgets
2	If I Could See You Again - Yiruma
2	[ENG SUB] Suzume no Tojimari Special Trailer (TV Asahi 2022 11 05)
2	[ENG SUB] Suzume x McDonald&#39;s TV promo
4	Anime Playlist | Relaxing Piano Covers | MIDIs Available
4	Relaxing Octopath Traveler Piano Cover Collection â™«  | MIDI&#39;s Available
4	Bravely Default 2 OST - Relaxing Piano Collection (MIDI&#39;s &amp; Music Sheets Available)
2	ã€Anime BGMã€‘Warning! This Will Make You Cry
4	Maquia: When the Promised Flower Blooms OST (Original Soundtrack) -  Best Compilation
1	&#39;ì¬ì§„ìŠ¤&#39; | ë‰´ì§„ìŠ¤ ì¬ì¦ˆ í”Œë¦¬ pt.II [playlist]
1	merry go round of life but you&#39;re dancing your last dance
2	I played Howls Moving Castle at my school talent show
4	Sumeru OST - Genshin Impact 3.0 Full Piano Collection
2	All Genshin Impact Character Themes Combined in One Medley /2nd Anniversary Special
2	Anime Has Gone Too Far.
2	My Memory
2	From the beginning till now
4	Genshin Impact 2.4 OST - Relaxing Enkanomiya Piano Cover Collection / Sheets &amp; MIDIs
1	&#39;ì¬ì§„ìŠ¤&#39; | ë‰´ì§„ìŠ¤ ì¬ì¦ˆ í”Œë¦¬ pt.II [playlist]
4	Maquia: When the Promised Flower Blooms OST (Original Soundtrack) -  Best Compilation
4	Sumeru OST - Genshin Impact 3.0 Full Piano Collection
1	ë³¼ë¹¨ê°„ì‚¬ì¶˜ê¸° ë…¸ë˜ëª¨ìŒ (ê°€ì‚¬í¬í•¨) | BOL4 Playlist (Korean Lyrics)
1	ë³¼ë¹¨ê°„ì‚¬ì¶˜ê¸°(BOL4)ì˜ í‚¬ë§ë³´ì´ìŠ¤ë¥¼ ë¼ì´ë¸Œë¡œ!-ë‚˜ë§Œ ë´„, ì—¬í–‰, ë‚˜ì˜ ì‚¬ì¶˜ê¸°ì—ê²Œ, Seoul, Love story, ìš°ì£¼ë¥¼ ì¤„ê²Œ, ì¸ íƒˆêº¼ì•¼, ì¢‹ë‹¤ê³  ë§í•´ | ë”©ê³ ë®¤ì§
1	ì—ì´í•‘í¬(Apink)ì˜ í‚¬ë§ë³´ì´ìŠ¤ë¥¼ ë¼ì´ë¸Œë¡œ â€“ Mr. Chu, NoNoNo, 1ë„ ì—†ì–´, D N D, LUV, ë¤ë”ëŸ¼, ëª°ë¼ìš”, Remember, U You | ë”©ê³ ë®¤ì§
2	my thoughts on school
2	Mom reacts to ALL Genshin Impact characters!
0	Learn to Read Korean in 5 Minutes (seriously)
2	Anime Has Gone Too Far.
0	$1 vs $500,000 Plane Ticket!
1	ã€Vlogã€‘3ì›” ì„œì½”ï½œìš°ì—¬ê³¡ì ˆ ëì— ë„ì°©í•œ ë©”ì´ë“œã…‹rí˜. ë­”ê°€ ìˆ˜ìƒí•˜ë‹¤? ï½œë²„ì–´íŠ¸ì„ëŸ¬ ë©”ì´ë“œ ì§€ëª… ë°›ì¡ê² ì†Œì´ë‹¤
2	The Legend of Zelda: Tears of the Kingdom â€“ Mr. Aonuma Gameplay Demonstration
0	7 Subtle Flirting Tips (If You Fear Rejection)
2	Himeko Trailer - &quot;Star Chaser&quot; | Honkai: Star Rail
4	Genshin Impact/Official Inazuma Medley (Complete 3 Pieces from 2.0 Version Livestream) Piano + Sheet
4	The PIANO ARCHON of Inazuma
1	[MV] IU(ì•„ì´ìœ ) _ Blueming(ë¸”ë£¨ë°)
1	[MV] IU(ì•„ì´ìœ ) _ Celebrity
2	I played Howls Moving Castle at my school talent show
2	Billlie | &#39;EUNOIA&#39; M/V
1	ã€ç©ºå…®ç«é¾™æœã€‘ãƒ™ãƒãƒ âœšfeat. æ±é›²çµµå &amp;æšå±±ç‘å¸Œ-è¸Šã£ã¦ã¿ãŸã€ãƒ—ãƒ­ã‚»ã‚«ã€‘
2	face reveal (ï¾Ÿâˆ€ï¾Ÿ)
2	PH Theme - See You Again ( Í¡Â° ÍœÊ– Í¡Â°)
2	Good Morning!!
2	hololive cafe!!!
4	ãã‹ã‚“ã—ã‚ƒãƒˆãƒ¼ãƒã‚¹ ãƒ†ãƒ¼ãƒæ›² Thomas &amp; Friends [ãƒ”ã‚¢ãƒ]
2	I Paid A Real Assassin To Try To Kill Me
0	sorting algorithms to relax/study to
1	YOASOBIã€Œæµ·ã®ã¾ã«ã¾ã«ã€Official Music Video
2	Top 10 YouTuber Face Reveals
2	Something About Undertale - Alternate Pacifist Route (Loud Sound Warning) ğŸ’€ğŸ
4	Sumeru OST - Genshin Impact 3.0 Full Piano Collection
1	IVE ì•„ì´ë¸Œ &#39;I AM&#39; MV
2	Globle Demo
4	The Best of Yiruma - Nháº¡c khÃ´ng lá»i hay nháº¥t
4	The Best Of YIRUMA | Yiruma&#39;s Greatest Hits ~ Best Piano
0	Import and Edit STL Files in Fusion 360 2022
4	Sumeru OST - Genshin Impact 3.0 Full Piano Collection
4	Sumeru: Desert of Hadramaveth Piano - Genshin Impact 3.4 / Sheets &amp; MIDIs Avail.
4	The Most Beautiful &amp; Relaxing Anime Piano Music (Part 1)
4	Sumeru: Desert of Hadramaveth Piano - Genshin Impact 3.4 / Sheets &amp; MIDIs Avail.
2	Something About Undertale - Alternate Pacifist Route (Loud Sound Warning) ğŸ’€ğŸ
4	Genshin Impact/Official Inazuma Medley (Complete 3 Pieces from 2.0 Version Livestream) Piano + Sheet
2	OH MY GOD THESE RATINGS (Mettaton EX dies) @TerminalMontage
1	THE ULTIMATE 200 ANIME SONGS PIANO MEDLEY [2M subs special]
4	Genshin Impact 2.4 OST - Relaxing Enkanomiya Piano Cover Collection / Sheets &amp; MIDIs
4	Genshin Impact 2.1 OST - Relaxing Sangonomiya Shrine Piano Cover Collection / Sheets &amp; MIDIs
4	Genshin Impact 2.0 OST - Relaxing Inazuma Piano Cover Collection / Sheets &amp; MIDIs
4	Golden Apple Archipelago OST Suite - Genshin Impact
1	Hatsune Miku - Polish Dancing Cow (Tylko jedno w glowie mam)
0	Calculate TF-IDF in NLP (Simple Example)
0	NLP Demystified 5: Basic Bag-of-Words and Measuring Document Similarity
0	Tutorial 2: Extracting Information from Documents
4	Golden Apple Archipelago OST Suite - Genshin Impact
4	Relaxing Piano Music | Genshin Impact 1.6 OST | Golden Apple Archipelago | Sheets &amp; MIDI
4	Genshin Impact 2.1 OST - Relaxing Sangonomiya Shrine Piano Cover Collection / Sheets &amp; MIDIs
4	Genshin Impact 2.4 OST - Relaxing Enkanomiya Piano Cover Collection / Sheets &amp; MIDIs
4	Genshin Impact/All-Conquering Tide (Dragonspine Battle Theme) FULL Piano Arrangement
4	Genshin Impact/Official Inazuma Medley (Complete 3 Pieces from 2.0 Version Livestream) Piano + Sheet
1	Childe Impactï½œTartaglia Theme Soundtrack Full Albumã€ŒGENSHIN CONCERT 2021ã€
0	Determining # of stages using Graphical vs. Kremser Method for an absorber
0	But what is the Fourier Transform?  A visual introduction.
0	Why Ï€ is in the normal distribution (beyond integral tricks)
2	Relaxing Nintendo music video game (mostly nintendo) (w/ Night ASMR ambience)
0	Making my own ChatGPT (trying to)
4	GarageBand Tutorial - Make Your First Song
4	MAFIATALE- Death,Glamour, and All That Jazz (Death By Glamour) ã€Jeffrey Watkinsã€‘
2	MafiaTale Tribute
2	Undertale: All Main Boss Battle Themes (Pacifist, Genocide, Final Bosses)
4	MAFIATALE- Death,Glamour, and All That Jazz (Death By Glamour) ã€Jeffrey Watkinsã€‘
2	Undertale: All Main Boss Battle Themes (Pacifist, Genocide, Final Bosses)
2	Something About Undertale - Alternate Pacifist Route (Loud Sound Warning) ğŸ’€ğŸ
2	YoRHa: Dark Apocalypse (Part 2) - All Cutscenes and Quests - Final Fantasy XIV Shadowbringers 5.3
2	YoRHa: Dark Apocalypse Part I - All Cutscenes and Quests - Final Fantasy XIV
2	Something About Street Fighter II (Loud Sound Warning) ğŸš—ğŸ¤œğŸ˜µğŸ’«
2	Undertale Mettaton EX Theme  Death By Glamour
4	Undertale - Death by Glamour, Sax Part Extended
2	Undertale â–¸ Metal Crusher / Death by Glamour â–¸ Holder Remix
4	UNDERTALE - Death by Glamour Acapella
4	Crazy Piano Mix! DEATH BY GLAMOUR [Undertale]
2	Death By Glamour (Undertale) -Dual Mix-
4	MAFIATALE- Death,Glamour, and All That Jazz (Death By Glamour) ã€Jeffrey Watkinsã€‘
2	Undertale - Spear of Justice [Electro Swing Remix]
4	Gravity Falls - Theme Song [Electro Swing Remix]
2	Hopes and Dreams/ SAVE the World (Undertale) -Dual Mix-
4	Death By Glamour - Undertale (Live at Ã‘oÃ±oparty 3) Feat LudÃ³patas //Jazztick
4	BergentrÃ¼ckung / ASGORE (UNDERTALE) Jazz Cover by insaneintherainmusic
4	MEGALOVANIA (UNDERTALE) Jazz Cover
4	Ghost Fight (UNDERTALE) Jazz Cover
4	Death by Glamour (Undertale) Jazz Cover (ft. The Consouls)
2	Something About Pikmin SPEEDRUN (Loud Sound Warning) ğŸ¥•ğŸ¥•ğŸ¥•ğŸ‘¨â€ğŸš€ğŸš€
2	Something About MHW Iceborne ANIMATED (Loud Sound Warning) â„ï¸ğŸŸ
2	Something About Pokemon Legends: Arceus #SHORTS (The Obsidian Fieldlands)
2	Something About Fortnite Battle Royale ANIMATED (Loud Sound Warning) ğŸšŒ
2	Something About Kirby Super Star ANIMATED (Loud Sound Warning) ğŸŒ ğŸŒ›
2	Something About Monster Hunter World ANIMATED (Loud Sound Warning) ğŸ‰
2	Something About Kirby&#39;s Adventure (Loud Sound Warning) (ã¥ï½¡â—•â€¿â—•ï½¡)ã¥â­ï¸
2	Something About Undertale - Alternate Pacifist Route (Loud Sound Warning) ğŸ’€ğŸ
2	Undertale OST: 068 - Death by Glamour
2	Undertale OST: 069 - For the Fans
2	Undertale OST: 061 - Oh! One True Love
2	Undertale OST: 049 - It&#39;s Showtime!
2	Undertale- All Boss Themes
2	Undertale - Asriel Dreemurr Fight (Pacifist Run)
2	Undertale - Mettaton Boss Fight
2	Something About Super Mario World SPEEDRUN ANIMATED (Loud Sound Warning) ğŸ„
0	10 Types of Composers
2	10 SIGHT READING NIGHTMARES
2	Something About Zelda Ocarina of Time: The FIRE TEMPLE (Loud Sound Warning) ğŸ”¥ğŸ§ğŸ»ğŸ”¥
0	How to Ski | 5 Drills to Improve Your Skiing
2	Something About Zelda Ocarina of Time: The FIRE TEMPLE (Loud Sound Warning) ğŸ”¥ğŸ§ğŸ»ğŸ”¥
2	Something About Street Fighter II (Loud Sound Warning) ğŸš—ğŸ¤œğŸ˜µğŸ’«
0	8 Levels of How Musicians Count (Noob to Pro)
2	PH Theme - See You Again ( Í¡Â° ÍœÊ– Í¡Â°)
2	Crymachina - Official Opening Cinematic Trailer (Japanese Version)
2	NieR Lore Summary â–º NieR Reincarnation
2	YoRHa: Dark Apocalypse (Part 2) - All Cutscenes and Quests - Final Fantasy XIV Shadowbringers 5.3
0	Heat Transfer Internal Flow 3
0	Heat Transfer L21 p5 - Turbulent Pipe Flow - Dittus-Boelter Equation
0	Heat Transfer L21 p4 - Laminar Pipe Flow - Nusselt Number
0	Heat Transfer L21 p3 - Bulk or Mean Temperature - Pipe Flow
2	NieR Lore Summary â–º NieR Reincarnation
2	NieR x FFXIV Lore Summary â–º YoRHa Dark Apocalypse
2	NieR x FFXIV Lore Summary â–º YoRHa Dark Apocalypse
2	YoRHa: Dark Apocalypse Part I - All Cutscenes and Quests - Final Fantasy XIV
2	Claim Your Special Zoroark | PokÃ©mon Scarlet and Violet
2	Claim This Speedy Mystery Gift | PokÃ©mon Scarlet and Violet
0	How to use SLITHER WING! | Paradox Perusal | PokÃ©mon VGC Guide
4	First Love åˆæ‹ - å®‡å¤šç”°å…‰ Hikaru Utada (Piano Tutorial) By Leisure Piano Sheet
4	Japanese &#39;80s City Pop Playlist
3	Tic! Tac! Toe! by TAK x Corbin
0	STUDY WITH MIKU - part1 -
2	PSYQUI - Start Up / HYPE (feat. Such)
1	BPM15Q - LaRiLaRu (Official Music Video)
2	4K Genshin Impact FULL Anime Movie Episode-1 [All Cutscenes &amp; Dialogues]
0	Hard vs Soft Links in Linux  (Linux Links)
4	The Most Beautiful &amp; Relaxing Anime Piano Music (Part 1)
4	80s japanese city pop late night jazz and vibes playlist
4	80s japanese city pop late night jazz and vibes playlist
2	The Room Where It Happens
1	ã€ãƒ—ãƒ­ã‚»ã‚«ã€‘Vivid BAD SQUAD /Ready Steadyã€è¸Šã£ã¦ã¿ãŸã€‘
1	ã€ãƒ—ãƒ­ã‚»ã‚«ã€‘drop pop candy [è¸Šã£ã¦ã¿ãŸ] [ì¶¤ì¶°ë³´ì•˜ë‹¤]ã€UMOÃ—MiMã€‘ã€ã‚³ã‚¹ãƒ—ãƒ¬ã€‘
1	ã€ãƒ—ãƒ­ã‚»ã‚«ã€‘ãƒã‚¸ãƒ†ã‚£ãƒ–â˜†ãƒ€ãƒ³ã‚¹ã‚¿ã‚¤ãƒ  [è¸Šã£ã¦ã¿ãŸ] í¬ì§€í‹°ë¸Œâ˜†ëŒ„ìŠ¤íƒ€ì„ [ì¶¤ì¶°ë³´ì•˜ë‹¤]ã€UMOÃ—MiMã€‘ã€ã‚³ã‚¹ãƒ—ãƒ¬ã€‘
1	ã€í”„ë¡œì„¸ì¹´ã€‘ì•„ì´ëŒ ì‹ ì˜ˆëŒ€ :: MORE MORE JUMP! [ì¶¤ì¶°ë³´ì•˜ë‹¤][è¸Šã£ã¦ã¿ãŸ]ã€ã‚³ã‚¹ãƒ—ãƒ¬ã€‘
1	[ãƒ—ãƒ­ã‚»ã‚«/ã‚³ã‚¹ãƒ—ãƒ¬] 25æ™‚ã€ãƒŠã‚¤ãƒˆã‚³ãƒ¼ãƒ‰ã§ - Villain(ãƒ´ã‚£ãƒ©ãƒ³) Full Cam ã€è¸Šã£ã¦ã¿ãŸã€‘
1	ã€ç©ºå…®ç«é¾™æœã€‘ãƒ™ãƒãƒ âœšfeat. æ±é›²çµµå &amp;æšå±±ç‘å¸Œ-è¸Šã£ã¦ã¿ãŸã€ãƒ—ãƒ­ã‚»ã‚«ã€‘
4	Animenz  - A Cruel Angel&#39;s Thesis [Piano Transcription]
4	A Cruel Angel&#39;s Thesis - Neon Genesis Evangelion OP [Piano]
2	A Cruel Angelâ€™s Thesis from â€˜Neon Genesis Evangelionâ€™ (arr. Animenz)
4	NieR: Automataã€ŒWeight of the World / å£Šãƒ¬ã‚¿ä¸–ç•Œãƒæ­Œã€Cover at Steinway Piano | Ru&#39;s Piano
1	ã€ç©ºå…®ç«é¾™æœã€‘ãƒ™ãƒãƒ âœšfeat. æ±é›²çµµå &amp;æšå±±ç‘å¸Œ-è¸Šã£ã¦ã¿ãŸã€ãƒ—ãƒ­ã‚»ã‚«ã€‘
3	TOK! TOK! TOK!
2	ï½„ï½…ï½ï½’ï½…ï½“ï½“ï½‰ï½ï½ã€€é¬±
2	The Room Where It Happens
2	4K Genshin Impact FULL Anime Movie Episode-1 [All Cutscenes &amp; Dialogues]
0	Sublease Surfer Tech Demo
2	She told me to play my hardest song but didnâ€™t expect this #shorts
0	Sublease Surfer Tech Demo
2	Genshin Impact | Dragonspine - Ice Ballad
4	The Most Beautiful &amp; Relaxing Anime Piano Music (Part 1)
4	Sparkle - Your Name. (Kimi no Na wa.) OST [Piano] / RADWIMPS
4	Zen Zen Zense - Your Name. (Kimi no Na wa.) OST [Piano]
0	How to load Maps JavaScript API in React
0	How to Create a FREE Synastry Chart | Using Free Astrology Software Tutorial
2	&quot;Grandma&quot; is Much More Than its Composition
2	Craziest Way YOU can Play genshin Impact
2	Why do League of Legends champions look weird from the front?
0	I like to make sure my chips are made of potatoes
4	Songs that doesnâ€™t sound like their Actual Difficulty on Piano
0	Senior Programmers vs Junior Developers #shorts
0	CS 35L Project Demo: Mark It and Market
4	Masashi Hamauzu - Five piano duets from &quot;Piano Pieces SF2&quot; (duet with daigoro789)
0	How to load Maps JavaScript API in React
2	ã€2021å¹´8æœˆæœ€æ–°ç‰ˆã€‘25æ™‚ã€ãƒŠã‚¤ãƒˆã‚³ãƒ¼ãƒ‰ã§ ãƒ¡ãƒ‰ãƒ¬ãƒ¼
1	ë‚´ ì¸ìƒì˜ ë“œë¼ë§ˆê°™ì€ ìˆœê°„ë“¤ | #ì¹˜ì¦ˆ OST ëª¨ìŒ | PLAYLIST
4	GarageBand Tutorial - Make Your First Song
1	[Epic BGM] ì „íˆ¬ë ¥ ìƒìŠ¹í•˜ëŠ” ë¸Œê¸ˆ / ê³µë¶€í• ë•Œ ë“£ëŠ” ìŒì•… / ì›…ì¥í•œ ì˜¤ì¼€ìŠ¤íŠ¸ë¼ ë¸Œê¸ˆ ëª¨ìŒ / ê²Œì„í• ë•Œ ë“£ê¸°ì¢‹ì€ ë¸Œê¸ˆ / ì´ˆì›”í”Œë ˆì´ / ì—í”½ë®¤ì§ / Rinne Music ëª¨ìŒ
1	THE ULTIMATE 200 ANIME SONGS PIANO MEDLEY [2M subs special]
3	TAK x Corbin-Tic! Tac! Toe! 1H ver.(perfect loop)
0	CS 35L Project Demo: Mark It and Market
3	TAK x Corbin-Tic! Tac! Toe! 1H ver.(perfect loop)
2	ã€2021å¹´8æœˆæœ€æ–°ç‰ˆã€‘25æ™‚ã€ãƒŠã‚¤ãƒˆã‚³ãƒ¼ãƒ‰ã§ ãƒ¡ãƒ‰ãƒ¬ãƒ¼
1	[FULL] Kuyamu to Kaite Mirai - 25-ji, Nightcord de. (Color Coded Kan/Rom/Eng Lyrics) ãƒ—ãƒ­ã‚»ã‚«
2	Project Sekai OST - 1st Anniversary Title Theme
1	ã“ã‚Œã‹ã‚‰ã‚‚ã€ã‚­ãƒŸã®éš£ã§
1	My favorite project sekai songs [a playlist]
2	Project Sekai OST - 1st Anniversary Title Theme
1	THE ULTIMATE 200 ANIME SONGS PIANO MEDLEY [2M subs special]
1	1å‘¨å¹´ã‚¢ãƒ‹ãƒãƒ¼ã‚µãƒªãƒ¼ã‚½ãƒ³ã‚°ã€ç¾¤é’è®ƒæ­Œã€
1	[MV] YUKIKA(ìœ í‚¤ì¹´) _ NEON(ë„¤ì˜¨)
0	Firebase â€“ Full Course for Beginners
0	How to retrieve data from firestore collection, subcollections and using condition
0	Flutter Firebase CRUD (Create, Read, Update, Delete)
0	React, Redux &amp; Firebase App Tutorial #18 - Adding Data to Firestore
1	[PLAYLIST] EP.04 BATHTUB CITYPOP PLAYLIST âªëª©ìš•í•  ë•Œ ë“£ê¸° ì¢‹ì€ ì‹œí‹°íŒ í”Œë ˆì´ë¦¬ìŠ¤íŠ¸
1	[ë™í™” ê°™ì€ ë¸Œê¸ˆ ëª¨ìŒ] ê³µë¶€í• ë•Œ ë“£ëŠ” ìŒì•… / íŒíƒ€ì§€ ë¸Œê¸ˆ / ëª½í™˜ì ì¸ ë…¸ë˜ / íë§ í”¼ì•„ë…¸ ë‰´ì—ì´ì§€ / ìê¸°ì „ì— ë“£ê¸°ì¢‹ì€ ë…¸ë˜ / ë¸Œê¸ˆì¶”ì²œ / Rinne Music ëª¨ìŒ
2	Shakugan no Shana - All Openings (1-7) &amp; Endings (1-10) Full Version
4	GarageBand Tutorial - Make Your First Song
2	Shakugan no Shana - Joint
2	Shakugan no shana Hishoku no sora Full OP
1	THE ULTIMATE 200 ANIME SONGS PIANO MEDLEY [2M subs special]
1	[PLAYLIST] EP.04 BATHTUB CITYPOP PLAYLIST âªëª©ìš•í•  ë•Œ ë“£ê¸° ì¢‹ì€ ì‹œí‹°íŒ í”Œë ˆì´ë¦¬ìŠ¤íŠ¸
4	Japanese &#39;80s City Pop Playlist (1 hour)
3	Tic! Tac! Toe! by TAK x Corbin
0	How to Use a Kalman Filter in Simulink | Understanding Kalman Filters, Part 6
0	Nonlinear State Estimators | Understanding Kalman Filters, Part 5
0	Optimal State Estimator Algorithm | Understanding Kalman Filters, Part 4
0	Optimal State Estimator | Understanding Kalman Filters, Part 3
0	State Observers | Understanding Kalman Filters, Part 2
0	Why Use Kalman Filters? | Understanding Kalman Filters, Part 1
1	THE ULTIMATE 200 ANIME SONGS PIANO MEDLEY [2M subs special]
1	warm nights in tokyo [ city pop ã‚·ãƒ†ã‚£ãƒ»ãƒãƒƒãƒ— ]
1	â˜• ì—¬ìœ ë¡œì›€ì„ ì£¼ëŠ” ê°ë¯¸ë¡œìš´ ë³´ì‚¬ë…¸ë°” ì¬ì¦ˆ í•œê°€ë“ ğŸ¹/ ì¹´í˜, ë§¤ì¥ìŒì•… / ê³µë¶€, ì»¤í”¼, íœ´ì‹, ìˆ˜ë©´, ë…ì„œ, ë³‘ì›, íƒœêµ, íë§ / Bossa nova Jazz / ì¤‘ê°„ê´‘ê³ ì—†ìŒ
3	TAK x Corbin-Tic! Tac! Toe! 1H ver.(perfect loop)
0	Arranging Sections in your LinkedIn Profile (2018 Version)
1	ë‚´ ì¸ìƒì˜ ë“œë¼ë§ˆê°™ì€ ìˆœê°„ë“¤ | #ì¹˜ì¦ˆ OST ëª¨ìŒ | PLAYLIST
2	ay yo peepee poopoo check
2	The Jade Princess | Oriental Theme
0	How to Use GREAT TUSK | Paradox Perusal | PokÃ©mon VGC Guide
1	â˜• ì—¬ìœ ë¡œì›€ì„ ì£¼ëŠ” ê°ë¯¸ë¡œìš´ ë³´ì‚¬ë…¸ë°” ì¬ì¦ˆ í•œê°€ë“ ğŸ¹/ ì¹´í˜, ë§¤ì¥ìŒì•… / ê³µë¶€, ì»¤í”¼, íœ´ì‹, ìˆ˜ë©´, ë…ì„œ, ë³‘ì›, íƒœêµ, íë§ / Bossa nova Jazz / ì¤‘ê°„ê´‘ê³ ì—†ìŒ
4	The Music Of The Night
2	All I Ask Of You
2	Pie Jesu
2	Think Of Me
2	If I Loved You
2	Moon River
2	The Shadow Of Your Smile
2	[An Affair To Remember] Our Love Affair
2	The Way We Were
2	A Time For Us
2	Lament for a Lost Child
2	Evergreen
2	What Are You Doing The Rest Of Your Life
2	All The Things You Are
2	And I Love You So
0	4K Cozy Coffee Shop â˜• Background Instrumental to Relax, Study, Work
2	And I Love You So
4	The Legend of Zelda - Great Fairy&#39;s Fountain - Piano (Synthesia)
1	THE ULTIMATE 200 ANIME SONGS PIANO MEDLEY [2M subs special]
1	[FULL] Sekai wa Mada Hajimatte sura Inai - WonderlandsÃ—Showtime | Color Coded Lyrics | ãƒ—ãƒ­ã‚»ã‚«
1	ã‚¢ã‚¤ãƒ‰ãƒ«æ–°é‹­éšŠ (feat. Hanasato Minori &amp; Kiritani Haruka &amp; Momoi Airi &amp; Hinomori Shizuku &amp;...
1	Ready Steady | Vivid BAD SQUAD Ã— Hatsune Mikuã€KAN/ROM/ENGã€‘Lyrics Color Code | Project SEKAI
1	[FULL] Kuyamu to Kaite Mirai - 25-ji, Nightcord de. (Color Coded Kan/Rom/Eng Lyrics) ãƒ—ãƒ­ã‚»ã‚«
2	â˜… New Theme Song - TruE MV Released OST â˜… | Honkai Impact 3rd
4	OST PV 5.7 Aponia &quot;Song of Perdition&quot; [Clean Audio Extended] - Honkai Impact 3rd
4	Domineer - Honkai Impact 3rd Version 4.6 Herrscher of Sentinence BGM OST [Best audio quality]
2	Honkai Impact 3rd OST: Summer Memories [EXTENDED].
2	Honkai Impact 3 OST: Main Menu Theme (Extended)
1	Project Sekai Colorful Stage! - ãƒ—ãƒ­ã‚»ã‚« 2nd anniversary main theme music
1	Project Sekai Colorful Stage! - ãƒ—ãƒ­ã‚»ã‚« main theme music
2	Real World Lobby Theme (1 hour) | Project Sekai Colourful Stage
2	Hatsune Miku: Colourful Stage Main menu ost Extended
3	Tic! Tac! Toe! by TAK x Corbin
1	warm nights in tokyo [ city pop ã‚·ãƒ†ã‚£ãƒ»ãƒãƒƒãƒ— ]
4	Japanese soft indie/rock, that would be in Goodnight Punpun&#39;s playlist
0	I built a chat app in 7 minutes with React &amp; Firebase
4	Why Steinway Grand Pianos Are So Expensive | So Expensive
2	Genshin Impact Anime Concept Trailer | Hoyoverse x ufotable
0	I built a chat app in 7 minutes with React &amp; Firebase
0	Understanding Fin Efficiency
1	warm nights in tokyo [ city pop ã‚·ãƒ†ã‚£ãƒ»ãƒãƒƒãƒ— ]
3	Tic! Tac! Toe! by TAK x Corbin
4	ã€UTAUã€‘V - Piano x Forte x Scandal (FULL VERSION)
3	TAK x Corbin-Tic! Tac! Toe! 1H ver.(perfect loop)
4	Yuja Wang: Rachmaninov Piano Concerto No. 1 in F-sharp minor, Op. 1
2	Final Closed Beta Trailer â€“ Space Comedy | Honkai: Star Rail
0	VS Code tips â€”Â Changing the cursor style
2	Better Than Birthday
3	TAK x Corbin-Tic! Tac! Toe! 1H ver.(perfect loop)
1	Tuning In To You (ê¸°ìš¸ì´ë©´)
3	Tic! Tac! Toe! by TAK x Corbin
1	AOA - ì§§ì€ ì¹˜ë§ˆ (Miniskirt) M/V
1	AOA - ì‚¬ë¿ì‚¬ë¿(Like a Cat) ì•ˆë¬´ì˜ìƒ(Dance Practice) Full ver
2	Sugar Song To Bitter Step
3	Tic! Tac! Toe! by TAK x Corbin
2	Shinunoga E-Wa
4	Yuja Wang: Rachmaninov Piano Concerto No. 1 in F-sharp minor, Op. 1
3	Tic! Tac! Toe! by TAK x Corbin
1	DJMAX RESPECT V | Tic! Tac! Toe! Choreography MV
1	YOASOBI Playlist - All Songs Yoasobi Playlist 2021 .
3	TOK! TOK! TOK!
0	Fourier Series of f(x) =|x| on the interval [âˆ’ğœ‹,ğœ‹] | BSc Mathematics
4	Yuja Wang: Rachmaninov Piano Concerto No. 1 in F-sharp minor, Op. 1
4	ğŸ¹Solo &amp; Chord, Crossroads, Jim Brickman, Synthesia Piano
0	New Faculty Profile: Nanyun Peng
4	Yuja Wang: Rachmaninov Piano Concerto No. 1 in F-sharp minor, Op. 1
2	Better Than Birthday
2	Brave (ìš©ê¸°)
3	TAK x Corbin-Tic! Tac! Toe! 1H ver.(perfect loop)
3	TAK x Corbin-Tic! Tac! Toe! 1H ver.(perfect loop)
3	Tic! Tac! Toe! by TAK x Corbin
1	ã€æ±æ–¹ã€‘Touhou : Best of ShibayanRecords (Bossa Nova ver.)
3	TOK! TOK! TOK!
1	ãƒ¨ãƒ«ã‚·ã‚« ã®ãƒ™ã‚¹ãƒˆã‚½ãƒ³ã‚°  - ãƒ¨ãƒ«ã‚·ã‚« ãƒ¡ãƒ‰ãƒ¬ãƒ¼ 2021 -  ãƒ¨ãƒ«ã‚·ã‚« ã®ãƒ™ã‚¹ãƒˆã‚«ãƒãƒ¼ -  Best Songs Of ãƒ¨ãƒ«ã‚·ã‚« 2021 - Yorushika Collection
1	DJMAX RESPECT V | Tic! Tac! Toe! Choreography MV
2	Imperial Circus Dead Decadence - ç„ (Official Music Video)
2	Daydream - Mycin.T x SiNA
4	Yomi yori kikoyu, koukoku no hi to honoo no shoujo. - Imperial Circus Dead Decadence (piano)
3	[DJMAX RESPECT V] TAK x Corbin - Tic! Tac! Toe! Piano Cover
2	Lemonade by M2U
3	TAK x Corbin - Tic! Tac! Toe! (tictacto remix)
2	Oblivion DJ MAX
3	TOK! TOK! TOK!
3	Tic! Tac! Toe! by TAK x Corbin
1	ã€æ±æ–¹ã€‘Touhou : Best of ShibayanRecords (Bossa Nova ver.)
2	Blend S - OP - Opening - Original - Theme - Smile Sweet Sister Sadistic Surprise - Meme Source
0	Blend W
2	Blend S Opening  ( Blend-A - Bon AppÃ©tite S )
2	Blend-S - Opening | Bon AppÃ©titâ™¡S
2	ã€æ±æ–¹ã€‘Bad Apple!! ï¼°ï¼¶ã€å½±çµµã€‘
2	All Tsurumi Island Theme With Timestamps - Genshin Impact OST
0	Excel: Two Scatterplots and Two Trendlines
0	Add Multiple Series of Data to X Y Scatter Chart
0	Plot Two Sets of Data on an X Y Scatter Chart
0	Top 5 College Essay MISTAKES to Avoid! (i&#39;ve edited 100+ essays)
1	therefore i am by billie eilish but it&#39;s spooky and i&#39;m losing my mind (cover)
1	THE ULTIMATE 200 ANIME SONGS PIANO MEDLEY [2M subs special]
4	GarageBand Tutorial - Make Your First Song
4	Blue Bird (2022 ver.) - Naruto Shippuuden OP3 [Piano] / Ikimono-gakari
4	Blue Bird - Naruto Shippuuden OP3 [Piano]
1	NB RANGERS - ìš´ëª…ì˜ Destiny by NieN
3	Tic! Tac! Toe! by TAK x Corbin
0	1 YEAR PLAN TO LEARN TO DRAW  ğŸš€ (study schedule + exercises)
2	GIRLâ€™S FRONTLINE O.S.T #4 - X5
2	GIRLâ€™S FRONTLINE O.S.T #3 - D.O.L.L
2	GIRLâ€™S FRONTLINE O.S.T #2 - DAY 1
2	ã€BanG Dream! BGMã€‘Menu Theme - Original
2	Honkai Impact 3 OST: Main Menu Theme (Extended)
2	[Twilight Serenity] Genshin Impact Dawn/Sunrise Title Screen Main Menu BGM OST EXTENDED
2	[Arknights OST] title
2	Alchemy Stars OST - Title Screen Extended
2	[Alchemy Stars] Splendor ILLUMINA (Limitless OST) Main Menu Ost
4	Yuja Wang: Rachmaninov Piano Concerto No. 1 in F-sharp minor, Op. 1
4	GarageBand Tutorial - Make Your First Song
2	[Alchemy Stars] Splendor ILLUMINA (Limitless OST) Main Menu Ost
2	Arknights (æ˜æ—¥æ–¹èˆŸ) - Main Menu (Home) Theme Song
2	These Fishermen Are Helping Whale Sharks Thrive | 4K UHD | Seven Worlds One Planet |  BBC Earth
0	Change razer keyboard color without synapse
0	Top 5 Ways To Make Your Keyboard THOCK (On A Budget)
2	Under Night In-Birth ost - Gathers Under Night (Character Select) [Extended]
4	Yuja Wang: Mendelssohn Piano Concerto No. 1 in G minor, Op. 25 [HD]
2	Under Night In-Birth ost - Beat Eat Nest [Extended]
0	5 Signs Someone Isnâ€™t Ready for a Relationship
0	Triangle Wheels Are The Future
0	The Most Complex Ecosystem in any Game
4	Yuja Wang: Rachmaninov Piano Concerto No. 1 in F-sharp minor, Op. 1
0	Extract Image Frames from Video using Open CV in Python - Wings Lectures
0	Lecture 9: Machine Translation and Advanced Recurrent LSTMs and GRUs
0	14) Learn to Extract Images/ Frames from Any Video in 6 minutes| Complete OpenCV Tutorial in Python
0	Splitting Video Into Images with OpenCV and Python
0	Extracting Frames from Video as Images in Python Using CV2.
2	How OMORI Was Made and Why People Thought it Was a Scam
2	HOW TO Change NICKNAMES in Pokemon Scarlet and Violet
2	How to rename PokÃ©mon in PokÃ©mon Scarlet and Violet | Change Nickname
2	How To Evolve Bisharp Into Kingambit In Pokemon Scarlet &amp; Violet
0	How to FARM EV Berries in Pokemon Scarlet and Violet
0	How to EV TRAIN with EV Training LOCATIONS in Pokemon Scarlet and Violet
2	How to Catch Iron Valiant - Pokemon Scarlet &amp; Violet
2	How to Catch Iron Thorns - Pokemon Scarlet &amp; Violet
0	How To Use SYLVEON! - Pokemon Scarlet and Violet Moveset Guide
2	The Best Team in Scarlet &amp; Violet! | VGC 2023
2	2 NEW Rental Teams for PokÃ©mon Scarlet and Violet VGC (VGC Series 1)
2	Kingambit is INSANE in Competitive Pokemon Scarlet and Violet
0	How to Use KINGAMBIT! Competitive Pokemon Kingambit Moveset Guide
2	ã€æ±æ–¹ã€‘Bad Apple!! ï¼°ï¼¶ã€å½±çµµã€‘
1	ã€SOUND VOLTEXã€‘Bad Apple!! feat. nomico [EXH]
2	Mogoon - Chapter 13: Light and Color 2: Diffused Reflection 1 (Teaser)
0	Illustrator - Mogoon
0	How do you pitch shift without changing its speed? Ft. Eumonik
0	FREE How to get discord to screen share desktop audio on Mac Apple (no extra apps!)
0	How To Fix Screen Share Audio Not Working on Discord - Stream with Sound on Discord
2	The Legend of Zelda: Breath of the Wild - Opening Cutscene (switch version)
0	Watch this before you apply the Paperlike to your iPad! Step-by-step instructions.
4	Yuja Wang: Rachmaninov Piano Concerto No. 1 in F-sharp minor, Op. 1
1	â˜• ëª¨ë˜í•˜ê³  ê·¼ì‚¬í•œ ë¶„ìœ„ê¸°ì˜ ê°ë¯¸ë¡œìš´ ë³´ì‚¬ë…¸ë°” ì¬ì¦ˆ Playlist / Bossa nova Jazz / ê³µë¶€, ì»¤í”¼, íœ´ì‹, ìˆ˜ë©´, ì¬íƒ, ë…ì„œ, ë³‘ì›, íƒœêµ / ì¤‘ê°„ê´‘ê³ X
0	Two immiscible fluids of equal density are flowing down an inclined surface
0	Fluid Mechanics 12.4 - Gravity Driven Liquid Film on an Inclined Surface
1	â˜• ëª¨ë˜í•˜ê³  ê·¼ì‚¬í•œ ë¶„ìœ„ê¸°ì˜ ê°ë¯¸ë¡œìš´ ë³´ì‚¬ë…¸ë°” ì¬ì¦ˆ Playlist / Bossa nova Jazz / ê³µë¶€, ì»¤í”¼, íœ´ì‹, ìˆ˜ë©´, ì¬íƒ, ë…ì„œ, ë³‘ì›, íƒœêµ / ì¤‘ê°„ê´‘ê³ X
0	Fluid Mechanics Exam Problem: Shear Stress Between Parallel Plates
4	Yuja Wang: Rachmaninov Piano Concerto No. 1 in F-sharp minor, Op. 1
0	Velocity and Shear Stress Distribution Between Parallel Plates - Laminar Flow - Fluid Mechanics 2
4	Chopin - 7 Polonaises Op. 26, 40, 44, 53, 61 - Vladimir Ashkenazy
4	Chopin&#39;s 19 Waltzes Played by Kocsis ZoltÃ¡n
4	Chopin: 24 Preludes, Op.28 (Blechacz)
4	Rachmaninoff: Piano Concerto No. 3 - Anna Fedorova - Live concert HD
4	Rachmaninoff: Piano Concerto No. 3 - Anna Fedorova - Live concert HD
2	Day in the Life of a Japanese Game Illustrator
1	ì˜í˜¼ì„ ê°ˆì•„ ë„£ì€ ì•„ì´ìœ  í”¼ê·œì–´ ë§Œë“¤ê¸° / Making IU figure with paper clay
4	Yuja Wang: Rachmaninov Piano Concerto No. 1 in F-sharp minor, Op. 1
0	Orthogonality Principle to solve for Coefficients [MATH-241] [PDEs]
2	Ù©(â—•â€¿â—•ï½¡)Û¶ (December 4, 2022)
1	â˜• ëª¨ë˜í•˜ê³  ê·¼ì‚¬í•œ ë¶„ìœ„ê¸°ì˜ ê°ë¯¸ë¡œìš´ ë³´ì‚¬ë…¸ë°” ì¬ì¦ˆ Playlist / Bossa nova Jazz / ê³µë¶€, ì»¤í”¼, íœ´ì‹, ìˆ˜ë©´, ì¬íƒ, ë…ì„œ, ë³‘ì›, íƒœêµ / ì¤‘ê°„ê´‘ê³ X
0	Pouring mercury into liquid nitrogen
4	golden hour on a $535k 24k gold piano.. #shorts
4	When you meet someone at a violin competition...
0	Unlock Mac ï£¿ Apple Watch! How to Unlock My Mac with My Apple Watch!
0	ğŸ”¥Remotely Control Any ï£¿ Mac With Screen Sharing!ğŸ”¥Remote Mac Desktop with Remote Mac Access!
0	ğŸ”¥How to Encrypt External Drives on your Mac!ğŸ”¥
0	Control Mac With iPhone ï£¿ Remote Mac Desktop and Screen Share Mac To iPhone - Remote Mac Access!
1	ì˜í˜¼ì„ ê°ˆì•„ ë„£ì€ ì•„ì´ìœ  í”¼ê·œì–´ ë§Œë“¤ê¸° / Making IU figure with paper clay
0	Remote Desktop Mac - Screen Share Mac from ANYWHERE!
0	How to use Universal Control for Mac &amp; iPad: Full Guide!
0	6 Psychological Things That make You Less Attractive
0	Fundamental Solution of the Diffusion Equation using the Similarity Method
0	Similarity solution method: PDE
4	Fly Me to the Moon | CITY POP VERSION | Caitlin Myers
1	City Pop Playlist 2 (ã‚·ãƒ†ã‚£ãƒãƒƒãƒ—)
0	MIT Numerical Methods for PDE Lecture 3: Finite Difference 2D Matlab Demo
0	Solve Partial Differential Equation Using Matlab
0	MIT Numerical Methods for PDE Lecture 3: Finite Difference 2D Matlab Demo
0	Matlab program with the explicit forward time centred space method for the diffusion equation
0	Defining a mesh for finite-difference representations of PDEs
0	Solve Partial Differential Equation Using Matlab
2	Ghost In The Shell (2017) - Building Jump Extended
0	The Best Way to Pack Spheres - Numberphile
1	AOA - ì§§ì€ ì¹˜ë§ˆ (Miniskirt) Music Video Extended Cut
1	AOA - ì§§ì€ ì¹˜ë§ˆ (Miniskirt) M/V
1	Weight of the World/å£Šãƒ¬ã‚¿ä¸–ç•Œãƒæ­Œ
2	Weight of the World/English Version
4	A Funeral of Flowers - Fire Emblem: Three Houses (piano cover)
4	FE Three Houses OST - 22. A Funeral of Flowers (Rain)
2	Fairy Tail &quot;Wow&quot; Sound Effect
2	IDIOT SANDWICH CLIP *ORIGINAL* | Gordon Ramsay #short
2	Gordon Ramsay Cute Fancam Wholesome Gordon Ramsay
2	Bromine is scary
1	most educated kpop idols ğŸ“
4	Minecraft Note Block Song - Chopin&#39;s Ballade No. 1 Opus 23 in G Minor
2	Cyan is too cute
2	Spy x Family Main Theme ELECTRO SWING VERSION ft. James Bond and Mission Impossible | tnbee mix
2	Spy x Family Main Theme ELECTRO SWING VERSION ft. James Bond and Mission Impossible | tnbee mix
2	Opening de Otorimonogatari HD
2	Monogatari series AMV - Nadeko Medusa
2	Mousou Express
2	Bakemonogatari - op 4 PL [Sengoku Nadeko]
1	æœ€ç«çš„æ‹‰ä¸èˆè€å¸ˆï¼Œæ¿€æƒ…å››å°„çš„æˆè¯¾é£æ ¼ï¼Œè¡¨æ‰¬åƒæäº†â€œæ‰¹æ–—â€å¤§ä¼šã€é¥­å“¥å¨±ä¹ã€‘
2	ç¨‹YOYOï¼šç»†ç‹—åˆ›å§‹äººï¼Œç²¾ç¥æ°®æ³µä¸€å¤œçˆ†ç«ï¼Œä¸ºä½•éƒ½è¯´ç¨‹å¥³å£«è¯´äº†ç®—ï¼Ÿ
4	Trio movement for violin, viola and piano, composed by Alma Deutscher, 2014
4	Slow movement from Alma Deutscher&#39;s Piano Concerto
1	1/2 HOUR LOOP (1/2 ì‹œê°„ )^BOL4(ë³¼ë¹¨ê°„ì‚¬ì¶˜ê¸°)-TELL ME YOU LOVE ME (ì¢‹ë‹¤ê³  ë§í•´ )
4	Just the Two of Us (Grover Washington Jr.) Cover by Sangah Noona
4	Fly Me to the Moon and Improv (Expect Further Clearance) by Sangah Noona
0	Using the Jacobean to Linearize at nonlinear system at an equilibrium point
0	Systems of linear first-order odes | Lecture 39 | Differential Equations for Engineers
1	ã¨ã‚ - ãƒ„ã‚®ãƒã‚®ã‚¹ã‚¿ãƒƒã‚«ãƒ¼ãƒˆ - ft.åˆéŸ³ãƒŸã‚¯ ( Toa - Patchwork Staccato - ft.Hatsune Miku )
1	ãƒã‚·ãƒ¥ãƒãƒªãƒ¼ / feat.åˆéŸ³ãƒŸã‚¯
4	Fly Me to the Moon and Improv (Expect Further Clearance) by Sangah Noona
0	Top 10 Algorithms for the Coding Interview (for software engineers)
4	Rachmaninoff Piano Concerto 1 No. 1 in f-sharp minor, Op. 1 (Shelley)
4	Round Midnight Late Night Jazz with Jacob Koller
4	Liszt - &quot;Spanish Fantasy&quot; S.253
4	Rachmaninoff Piano Concerto 1 No. 1 in f-sharp minor, Op. 1 (Shelley)
0	Recreating the Iodine Clock Reaction at Home with Vitamin C
4	Liszt - &quot;Spanish Fantasy&quot; S.253
4	FrÃ©dÃ©ric Chopin - 19 Nocturnes (Rubinstein)
0	Equation for MgI2 + H2O     (Magnesium iodide + Water)
0	Erlang Performance Lab - Part 2
4	Liszt - &quot;Spanish Fantasy&quot; S.253
0	Using Visual Studio Code for Remote Development
0	Remote Development with Visual Studio Code
4	Beethoven Sonata # 14 &quot;Moonlight&quot; Op. 27 No. 2 Valentina Lisitsa
4	Beethoven &quot;Moonlight&quot; Sonata,  III &quot;Presto Agitato&quot; Valentina Lisitsa
0	Acid Base Extraction - Calculations
0	What-If Analysis (Goal Seek, Scenario Manager and Data Table) in Excel | Step by Step tutorial
0	Using Goal Seek in Google Sheet
0	Acid Base Extraction - Calculations
2	FINAL FANTASY XVI â€œAMBITIONâ€ Official HD Trailer
0	Recrystallization
0	The Different Types of Separation Techniques - Lesson 1 (Chemistry)
0	Synthesis, Distillation, &amp; Recrystallization: Crash Course Organic Chemistry #40
0	Leaf Disease Classification Using PyTorch
4	Rachmaninoff Piano Concerto 1 No. 1 in f-sharp minor, Op. 1 (Shelley)
1	ãƒã‚·ãƒ¥ãƒãƒªãƒ¼ / feat.åˆéŸ³ãƒŸã‚¯
1	ã€åˆéŸ³ãƒŸã‚¯ã€‘ å¤œæ˜ã‘ã¨è› ã€ã‚ªãƒªã‚¸ãƒŠãƒ«ã€‘
0	Leaf Disease Classification Using PyTorch
1	ã¨ã‚ - ãƒ„ã‚®ãƒã‚®ã‚¹ã‚¿ãƒƒã‚«ãƒ¼ãƒˆ - ft.åˆéŸ³ãƒŸã‚¯ ( Toa - Patchwork Staccato - ft.Hatsune Miku )
1	1/2 HOUR LOOP (1/2 ì‹œê°„ )^BOL4(ë³¼ë¹¨ê°„ì‚¬ì¶˜ê¸°)-TELL ME YOU LOVE ME (ì¢‹ë‹¤ê³  ë§í•´ )
1	í”„ë¡œë¯¸ìŠ¤ë‚˜ì¸ (fromis_9) &#39;WE GO&#39; M/V
1	fromis_9 (í”„ë¡œë¯¸ìŠ¤ë‚˜ì¸) &#39;DM&#39; Official MV
1	TWICE - ESPRESSO (full) - NY Day 2 (2/27/2022)
1	[Choreography Video] SEVENTEEN(ì„¸ë¸í‹´)-ìš¸ê³  ì‹¶ì§€ ì•Šì•„(Don&#39;t Wanna Cry) Front Ver.
1	[M/V] SEVENTEEN(ì„¸ë¸í‹´) - ìš¸ê³  ì‹¶ì§€ ì•Šì•„ (Don&#39;t Wanna Cry)
0	10.1| Finite Difference Method Boundary Value Problem using MATLAB
0	Finite Difference Method: Solving the Second Order Boundary Value Problem ODE using MATLAB
0	10.2| Shooting Method Boundary Value Problem BVP using MATLAB
0	Top 10 Algorithms for the Coding Interview (for software engineers)
0	Attacklab - Phase 4
0	What no one tells you about coding interviews (why leetcode doesn&#39;t work)
0	Recitation 5 Attack Lab and Stacks
0	phase 5
4	Fly Me to the Moon and Improv (Expect Further Clearance) by Sangah Noona
4	Just the Two of Us (Grover Washington Jr.) Cover by Sangah Noona
0	Attacklab Phase 3
0	Attack Lab Phase 2
0	Recitation 3 Attack Lab and Stacks
4	Rachmaninoff Piano Concerto 1 No. 1 in f-sharp minor, Op. 1 (Shelley)
0	8.3| Modified Euler Method Solving System of Differential Equations Using MATLAB
0	Attacklab - Phase 4
0	Attacklab Phase 3
0	Attack Lab Phase 2
0	How to exploit a buffer overflow vulnerability - Practical
0	Buffer Overflow Lab (Attack Lab) - Phase1
4	Rachmaninoff Piano Concerto 1 No. 1 in f-sharp minor, Op. 1 (Shelley)
0	Coupled System of Differential Equations
0	Solve a System of ODEs Using Fourth Order Runge-Kutta Method
0	Euler&#39;s Method in MATLAB
0	Runge-Kutta solution to a System of ODEs
0	4th-Order Runge-Kutta Method Example
0	4th Order Runge-Kutta Methodâ€”Solve by Hand (example)
0	Euler&#39;s Method - Example 1
0	Implicit Euler Method System of ODE with initial values
0	SOLUTIONS OF ODE-8C:   EULER&#39;S IMPLICIT METHOD
0	7.2.5-ODEs: Implicit Euler&#39;s Method
0	Using Euler&#39;s predictor and corrector formula solved simple example
0	Euler&#39;s Method - Another Example #1
0	Newton&#39;s method for solving nonlinear systems of Algebraic equations
0	PGE 381M Lecture 2.5 Shell Balance Vertical Tube Example
2	Adam vs. World&#39;s Best Twins
4	Round Midnight Late Night Jazz with Jacob Koller
2	Grand Escape (feat. Toko Miura)
2	Suzume (feat. Toaka)
1	ëª½í™˜ì ì¸ ë…¸ë˜ ëª¨ìŒì§‘
1	íˆ¬ë”ë¬¸ OST Best 9
2	Everything&#39;s Alright (From &quot;To the Moon&quot;)
2	Finding Paradise - Wish My Life Away (Laura Shigihara) (Lyrics below)
2	Everything&#39;s Alright- Laura Shigihara- lyrics
1	ì´í•˜ì´(LeeHi)ì˜ í‚¬ë§ë³´ì´ìŠ¤ë¥¼ ë¼ì´ë¸Œë¡œ! - Rose, í™€ë¡œ, MY STAR, ëˆ„êµ¬ ì—†ì†Œ, AUTOMATIC REMIX, ë¨¸ë¦¬ì–´ê¹¨ë¬´ë¦ë°œ, ë¹¨ê°„ ë¦½ìŠ¤í‹±ã…£ë”©ê³ ë®¤ì§
4	Round Midnight Late Night Jazz with Jacob Koller
4	Advanced La La Land Suite - Piano Cover - Jacob Koller
1	1/2 HOUR LOOP (1/2 ì‹œê°„ )^BOL4(ë³¼ë¹¨ê°„ì‚¬ì¶˜ê¸°)-TELL ME YOU LOVE ME (ì¢‹ë‹¤ê³  ë§í•´ )
1	[M/V] ì¢‹ë‹¤ê³  ë§í•´ - ë³¼ë¹¨ê°„ì‚¬ì¶˜ê¸°
4	Advanced La La Land Suite - Piano Cover - Jacob Koller
4	Just the Two of Us (Grover Washington Jr.) Cover by Sangah Noona
0	How to Flirt For Beginners (9 Flirting Tips)
0	10 Psychologically-proven Flirting Strategies
2	Explaining Origin From Xenoblade Chronicles 3 - Lore Explanation
2	Best cutscene for the swimsuits | Xenoblade Chronicles 3
0	2  Denormalized and Special Floating Point Numbers
1	ì´í•˜ì´(LeeHi)ì˜ í‚¬ë§ë³´ì´ìŠ¤ë¥¼ ë¼ì´ë¸Œë¡œ! - Rose, í™€ë¡œ, MY STAR, ëˆ„êµ¬ ì—†ì†Œ, AUTOMATIC REMIX, ë¨¸ë¦¬ì–´ê¹¨ë¬´ë¦ë°œ, ë¹¨ê°„ ë¦½ìŠ¤í‹±ã…£ë”©ê³ ë®¤ì§
1	Red Velvet ë ˆë“œë²¨ë²³ &#39;í”¼ì¹´ë¶€ (Peek-A-Boo)&#39; MV
1	ë³´ì´í”„ë Œë“œ(BOYFRIEND) -  Boyfriend Music Video
4	Waltz of the Sirens, by Alma Deutscher
1	[M/V] ì¢‹ë‹¤ê³  ë§í•´ - ë³¼ë¹¨ê°„ì‚¬ì¶˜ê¸°
1	[MV] BOL4(ë³¼ë¹¨ê°„ì‚¬ì¶˜ê¸°) _ Some(ì¸ íƒˆêº¼ì•¼)
1	ë³¼ë¹¨ê°„ì‚¬ì¶˜ê¸°(BOL4)ì˜ í‚¬ë§ë³´ì´ìŠ¤ë¥¼ ë¼ì´ë¸Œë¡œ!-ë‚˜ë§Œ ë´„, ì—¬í–‰, ë‚˜ì˜ ì‚¬ì¶˜ê¸°ì—ê²Œ, Seoul, Love story, ìš°ì£¼ë¥¼ ì¤„ê²Œ, ì¸ íƒˆêº¼ì•¼, ì¢‹ë‹¤ê³  ë§í•´ | ë”©ê³ ë®¤ì§
1	TAEYEON íƒœì—° &#39;INVU&#39; MV
0	Understanding Viscosity
0	Introductory Fluid Mechanics L2 p5:  Example Problem - Wall Shear Stress
0	Applying the Navier-Stokes Equations, part 2 - Lecture 4.7 - Chemical Engineering Fluid Mechanics
0	Introductory Fluid Mechanics L12 p5 - Example - Cylindrical Continuity
0	How to solve manometer problems
0	How to Calculate Range of Float Variable [ Single Precision ]
0	Applying the Navier-Stokes Equations, part 2 - Lecture 4.7 - Chemical Engineering Fluid Mechanics
1	í—¤ì´ì¦ˆ(Heize)ì˜ í‚¬ë§ë²ŒìŠ¤ë¥¼ ë¼ì´ë¸Œë¡œ! l ë¹„ë„ ì˜¤ê³  ê·¸ë˜ì„œ, ëŒì•„ì˜¤ì§€ë§ˆ, ë„ ë„ˆë¬´ ëª¨ë¥´ê³ , Jenga, ì € ë³„, And July, êµí†µì •ë¦¬, í—¤í”ˆ ìš°ì—° ë“±
0	8 Things You Need to Know About Self-Love
0	5 Signs Someone Is TOXIC, Not You
1	[MV] BOL4(ë³¼ë¹¨ê°„ì‚¬ì¶˜ê¸°) _ Some(ì¸ íƒˆêº¼ì•¼)
1	[MV] BOL4(ë³¼ë¹¨ê°„ì‚¬ì¶˜ê¸°) _ Travel(ì—¬í–‰)
1	[MV] BOL4(ë³¼ë¹¨ê°„ì‚¬ì¶˜ê¸°) _ Bom(ë‚˜ë§Œ, ë´„)
1	[M/V] ì¢‹ë‹¤ê³  ë§í•´ - ë³¼ë¹¨ê°„ì‚¬ì¶˜ê¸°
1	ë³´ì´í”„ë Œë“œ(BOYFRIEND) -  Boyfriend Music Video
1	íƒœì—°(TAEYEON)ì˜ í‚¬ë§ë³´ì´ìŠ¤ë¥¼ ë¼ì´ë¸Œë¡œ! - I,ê·¸ëŒ€ë¼ëŠ” ì‹œ,ë§Œì•½ì—,11:11,Blue,Time Lapse,Weekend,ë¶ˆí‹°,ì‚¬ê³„,Gravity,INVU,ë„ˆë¥¼ ê·¸ë¦¬ëŠ” ì‹œê°„
1	TAEYEON íƒœì—° &#39;Weekend&#39; MV
1	[ENG SUB] ğŸ¬ì˜í™”ì† í•œ ì¥ë©´ì²˜ëŸ¼ ìŠ¤ì¹´ì´ë¼ì¸ğŸ™âœ¨ ì•ì—ì„œ ë¶€ë¥´ëŠ” ì„¸ì •(SEJEONG) - SKYLINE ë¼ì´ë¸Œ [4K] | ìˆ˜ë¡ê³¡ LIVE | ë“¤ì„ìˆ˜ë¡ | dingomusic
1	ë³¼ë¹¨ê°„ì‚¬ì¶˜ê¸°(BOL4)ì˜ í‚¬ë§ë³´ì´ìŠ¤ë¥¼ ë¼ì´ë¸Œë¡œ!-ë‚˜ë§Œ ë´„, ì—¬í–‰, ë‚˜ì˜ ì‚¬ì¶˜ê¸°ì—ê²Œ, Seoul, Love story, ìš°ì£¼ë¥¼ ì¤„ê²Œ, ì¸ íƒˆêº¼ì•¼, ì¢‹ë‹¤ê³  ë§í•´ | ë”©ê³ ë®¤ì§
1	í€ì¹˜(PUNCH)ì˜ í‚¬ë§ë³´ì´ìŠ¤ë¥¼ ë¼ì´ë¸Œë¡œ! - ë°¤ì´ ë˜ë‹ˆê¹Œ,ê°€ë” ì´ëŸ¬ë‹¤,í—¤ì–´ì§€ëŠ” ì¤‘,ì˜¤ëŠ˜ë°¤ë„,Stay with me,Everytime,ì•ˆë…• ë‚´ ì „ë¶€ì˜€ë˜ ë„ˆ ã…£ ë”©ê³ ë®¤ì§
4	Waltz of the Sirens, by Alma Deutscher
4	Slow movement from Alma Deutscher&#39;s Piano Concerto
4	Trio movement for violin, viola and piano, composed by Alma Deutscher, 2014
4	Alma Deutscher performs her composition â€œI think of you&quot;
4	How to keep the laptop on or play music even when the laptop lid is closed? 2022
1	TAEYEON íƒœì—° &#39;INVU&#39; MV
1	ì´í•˜ì´(LeeHi)ì˜ í‚¬ë§ë³´ì´ìŠ¤ë¥¼ ë¼ì´ë¸Œë¡œ! - Rose, í™€ë¡œ, MY STAR, ëˆ„êµ¬ ì—†ì†Œ, AUTOMATIC REMIX, ë¨¸ë¦¬ì–´ê¹¨ë¬´ë¦ë°œ, ë¹¨ê°„ ë¦½ìŠ¤í‹±ã…£ë”©ê³ ë®¤ì§
1	ë³¼ë¹¨ê°„ì‚¬ì¶˜ê¸°(BOL4)ì˜ í‚¬ë§ë³´ì´ìŠ¤ë¥¼ ë¼ì´ë¸Œë¡œ!-ë‚˜ë§Œ ë´„, ì—¬í–‰, ë‚˜ì˜ ì‚¬ì¶˜ê¸°ì—ê²Œ, Seoul, Love story, ìš°ì£¼ë¥¼ ì¤„ê²Œ, ì¸ íƒˆêº¼ì•¼, ì¢‹ë‹¤ê³  ë§í•´ | ë”©ê³ ë®¤ì§
1	ì•„ì´ìœ (IU)ì˜ í‚¬ë§ë³´ì´ìŠ¤ë¥¼ ë¼ì´ë¸Œë¡œ! - í•˜ë£¨ ë, ë„ˆì˜ ì˜ë¯¸, ìŠ¤ë¬¼ì…‹, ë°¤í¸ì§€, íŒ”ë ˆíŠ¸, ê°€ì„ ì•„ì¹¨, ì‚ì‚, Blueming, ì—ì‡, Coin, ë¼ì¼ë½ ã…£ ë”©ê³ ë®¤ì§
1	íƒœì—°(TAEYEON)ì˜ í‚¬ë§ë³´ì´ìŠ¤ë¥¼ ë¼ì´ë¸Œë¡œ! - I,ê·¸ëŒ€ë¼ëŠ” ì‹œ,ë§Œì•½ì—,11:11,Blue,Time Lapse,Weekend,ë¶ˆí‹°,ì‚¬ê³„,Gravity,INVU,ë„ˆë¥¼ ê·¸ë¦¬ëŠ” ì‹œê°„
1	SEULGI ìŠ¬ê¸° &#39;28 Reasons&#39; MV
2	The Weeknd: After Hours Nightmare at Halloween Horror Nights 2022 at Universal Studios Hollywood
1	TAEYEON íƒœì—° &#39;Weekend&#39; MV
2	Game &amp; Wario - Part 3: Multi-Player &quot;Fruit&quot; Mini-Game With SullyPwnz! [2 Rounds]
4	Relaxing With Chinese Bamboo Flute, Guzheng, Erhu | Instrumental Music Collection
1	SEULGI ìŠ¬ê¸° &#39;28 Reasons&#39; MV
1	STAYC(ìŠ¤í…Œì´ì”¨) &#39;RUN2U&#39; MV
1	Red Velvet ë ˆë“œë²¨ë²³ &#39;ëŸ¬ì‹œì•ˆ ë£°ë › (Russian Roulette)&#39; MV
1	Red Velvet ë ˆë“œë²¨ë²³ &#39;Psycho&#39; Performance Video
1	Red Velvet ë ˆë“œë²¨ë²³ &#39;í”¼ì¹´ë¶€ (Peek-A-Boo)&#39; MV
4	Rachmaninoff: Piano Concerto No. 1 - Anna Fedorova and Sinfonieorchester Sankt Gallen - Concert HD
1	íƒœì—°(TAEYEON)ì˜ í‚¬ë§ë³´ì´ìŠ¤ë¥¼ ë¼ì´ë¸Œë¡œ! - I,ê·¸ëŒ€ë¼ëŠ” ì‹œ,ë§Œì•½ì—,11:11,Blue,Time Lapse,Weekend,ë¶ˆí‹°,ì‚¬ê³„,Gravity,INVU,ë„ˆë¥¼ ê·¸ë¦¬ëŠ” ì‹œê°„
0	Jacobi Iteration Method Example | Numerical Methods
2	All Female Death Sounds
4	Rachmaninoff Piano Concerto No. 2 in c minor, Op. 18 (Richter, Zimerman)
0	Gauss Seidel Method-- 3 iterations by hand (example)
1	íƒœì—°(TAEYEON)ì˜ í‚¬ë§ë³´ì´ìŠ¤ë¥¼ ë¼ì´ë¸Œë¡œ! - I,ê·¸ëŒ€ë¼ëŠ” ì‹œ,ë§Œì•½ì—,11:11,Blue,Time Lapse,Weekend,ë¶ˆí‹°,ì‚¬ê³„,Gravity,INVU,ë„ˆë¥¼ ê·¸ë¦¬ëŠ” ì‹œê°„
1	TAEYEON íƒœì—° &#39;í’ˆ (Heart)&#39; Live Clip
0	Chemistry Experiment 13.2 A Calorimetry Experiment (Berean Builders)
0	Soda Can Calorimeter
2	One-Winged Kong: Advent Country [4k subs] (Grant Kirkhope vs. Nobuo Uematsu)
4	WALTZ FOR THE MOON // Final Fantasy VIII / Orchestral Arrangement Remix
2	Congratulations | L&#39;OrÃ©ality 2022
0	Making a GOOGOL:1 Reduction with Lego Gears
4	Rachmaninoff: Piano Concerto No. 1 - Anna Fedorova and Sinfonieorchester Sankt Gallen - Concert HD
0	Computer Systems Bomblab Secret Phase Walkthrough
4	Relaxing With Chinese Bamboo Flute, Guzheng, Erhu | Instrumental Music Collection
4	The Best of Guzheng - Chinese Musical Instruments - Relaxing Music Part 1
1	TAEYEON íƒœì—° &#39;ê·¸ëŸ° ë°¤ (Some Nights)&#39; Live Clip
1	TAEYEON íƒœì—° &#39;ì–´ë¥¸ì•„ì´ (Toddler)&#39; Live Clip
1	Red Velvet ãƒ¬ãƒƒãƒ‰ãƒ™ãƒ«ãƒ™ãƒƒãƒˆ &#39;WILDSIDE&#39; MV
1	SEULGI ìŠ¬ê¸° &#39;28 Reasons&#39; MV
1	ì¹˜ì¦ˆ (CHEEZE) - LOSER [ENG] [MV]
1	ì¹˜ì¦ˆ (CHEEZE) - ì˜ ì, ì•ˆë…• (Good Night) [MV]
1	ì¹˜ì¦ˆ (CHEEZE) - ë¹ˆì¹¸ì—ê²Œ (Feat.10CM) [Official Live Clip]
1	ì¹˜ì¦ˆ (CHEEZE) - ì˜ˆë»¤ì–´ [DAY6 COVER]
0	Computer Systems Bomblab Phase 6 Walkthrough
2	Cyberpunk: Edgerunners AMV 4K - I Really Want to Stay at Your House by Rosa Walton &amp; Hallie Coggins
4	Cyberpunk 2077 OST I Really Want to Stay at Your House Rosa Walton ã‚µã‚¤ãƒãƒ¼ãƒ‘ãƒ³ã‚¯ ã‚¨ãƒƒã‚¸ãƒ©ãƒ³ãƒŠãƒ¼ã‚º [ãƒ”ã‚¢ãƒ]
2	Four Seasons Tented Camp Golden Triangle (Thailand): full tour
2	SONEVA JANI | Most luxurious resort in the Maldives (full tour in 4K)
0	Computer Systems Bomblab  Phase 2 Walkthrough
0	Computer Systems Bomblab Phase 3 Walkthrough
0	Solving the Binary Bomb Lab (Phase 1)
0	Computer Systems  Bomblab Phase 1 Walkthrough
2	Six Senses Yao Noi in Phuket, Thailand: AMAZING HOTEL! Impressions &amp; review
4	Rachmaninoff: Piano Concerto No. 1 - Anna Fedorova and Sinfonieorchester Sankt Gallen - Concert HD
4	Rachmaninoff: Piano Concerto No. 1 - Anna Fedorova and Sinfonieorchester Sankt Gallen - Concert HD
4	Relaxing With Chinese Bamboo Flute, Guzheng, Erhu | Instrumental Music Collection
4	Relaxing With Japanese Bamboo Flute , Guzheng, Erhu | Musical Instrument Collection
0	Remove System Apps on ANY Xiaomi Smartphone in 3 EASY steps! ğŸ”¥ [How To]
4	The Best of Guzheng - Chinese Musical Instruments - Relaxing Music Part 1
4	Yuja Wang: Rachmaninov Piano Concerto No. 3 in D minor Op. 30 [HD]
4	Sergei Rachmaninov - Piano Concerto No. 4
4	Sergei Rachmaninov - Piano Concerto No. 4
4	Yuja Wang: Rachmaninov Piano Concerto No. 3 in D minor Op. 30 [HD]
4	Rachmaninoff - Piano Concerto No. 2, Op. 18 (Sheet Music)
4	Rachmaninoff - Piano Concerto No. 1, Op. 1 (Sheet Music)
4	Florence + The Machine - Stand By Me
4	Rachmaninoff - Piano Concerto No. 1, Op. 1 (Sheet Music)
4	Waltz of the Sirens, by Alma Deutscher
4	Yuja Wang - Liszt Piano Concerto No. 1
4	Tchaikovsky: Piano Concerto No. 1 - Yuja Wang (3/3)
1	YUJA WANG PROKOFIEV TOCCATA
4	Yuja Wang plays Tritsch-Tratsch Polka
2	7 Dynamic YUJA WANG Finales!!
4	Rachmaninoff: Symphonic Dances op.45 - Live concert HD
4	Alma Deutscher - Full Concert At Carnegie Hall
0	How Roblox Became A $30 Billion Company
4	Georg Philipp Telemann - Concerto for two Solo Violins, Strings &amp; B. c. in G major TWV 52:G2
4	Alma Deutscher - Full Concert At Carnegie Hall
4	How 11-year-old prodigy composed an opera
2	Iâ€™ve Never Seen Anyone Pull Off This Anime Look
4	Georg Philipp Telemann - Concerto for two Solo Violins, Strings &amp; B. c. in G major TWV 52:G2
4	Shine Holy Ray of Love - from Cinderella by Alma Deutscher
4	Variations in E-flat major by Alma Deutscher
4	Trio movement for violin, viola and piano, composed by Alma Deutscher, 2014
4	Rondino in Eb maj. Composed by Alma Deutscher (7)
4	Quartet movement in G major, Rondo, by Alma Deutscher (8)
4	Alma playing Mozart piano concerto K.246, with cadenza by Alma Deutscher
4	Dance of the Solent Mermaids, by Alma Deutscher (b.2005)
2	I shouldn&#39;t have evolved this shiny starter Pokemon ğŸ˜”
0	7 Habits That Reveal Your True Personality
4	Bach Concerto for two pianos in C minor, Tanja Zhou and Alma Deutscher
4	Alma Deutscher, piano concerto (world premiere, July 2017)
4	Slow movement from Alma Deutscher&#39;s Piano Concerto
4	The Musician - The 14th Melody (Male Version)
4	Allen Walker - The Musician Full Version
4	Allen Walker - The Musician Full Version
2	Neko no Shuukai (A Gathering of Cats)
4	Alma Deutscher, Violin concerto in G minor (2017)
4	Alma Deutscher&#39;s Violin Concerto in G Minor
1	Aimer â€“ After Darkã€Œ Album Full ã€~ ã‚¨ãƒ¡ Aimer ã®ã‚¢ãƒ«ãƒãƒ  After Dark
1	Aimerã€Œã‚°ãƒ¬ãƒ¼ã‚¹ãƒãƒ¼ãƒˆã€MUSIC VIDEO (çŸ­ç·¨ã‚¢ãƒ‹ãƒ¡ã€Œå¤œã®å›½ã€ç¬¬2å¤œ ä¸»é¡Œæ­Œï¼‰
1	Aimerã€Œæ˜Ÿã®æ¶ˆãˆãŸå¤œã« -rit. ver.-ã€MUSIC VIDEO(new albumã€æ˜Ÿã®æ¶ˆãˆãŸå¤œã«ã€now on saleï¼‰
1	Aimer ã€Œã‚ªã‚¢ã‚¤ã‚³ã€ MUSIC VIDEOï¼ˆABEMAã€Œã‚ªã‚ªã‚«ãƒŸã¡ã‚ƒã‚“ã¨ã‚ªã‚ªã‚«ãƒŸãã‚“ã«ã¯é¨™ã•ã‚Œãªã„ã€ä¸»é¡Œæ­Œï¼‰
4	Alma Deutscher performs her composition â€œI think of you&quot;
4	Alma playing Mozart piano concerto K.246, with cadenza by Alma Deutscher
4	Ludwig Waltz no.1 by Alma Deutscher
4	Alma Deutscher - Piano Trio - Up in the sky
4	Alma Deutscher&#39;s Violin Concerto in G Minor
4	Alma Deutscher, Violin concerto in G minor (2017)
4	Alma Deutscher, piano concerto (world premiere, July 2017)
4	Waltz of the Sirens, by Alma Deutscher
4	Waltz of the Sirens, by Alma Deutscher
2	Xenoblade 3 - 400mil Chain Attack
2	Final Fantasy XIII - Snow Proposes (English) - Firework Scene
2	Final Fantasy XIII CGI-Cutscene HD - The Day of the Fireworks
2	Returnal - Announcement Trailer | PS5
1	Aimer ã€Œã‚ªã‚¢ã‚¤ã‚³ã€ MUSIC VIDEOï¼ˆABEMAã€Œã‚ªã‚ªã‚«ãƒŸã¡ã‚ƒã‚“ã¨ã‚ªã‚ªã‚«ãƒŸãã‚“ã«ã¯é¨™ã•ã‚Œãªã„ã€ä¸»é¡Œæ­Œï¼‰
0	20 Mechanical Principles combined in a Useless Lego Machine
2	ã€CODE VEINã€ã‚ªãƒ¼ãƒ—ãƒ‹ãƒ³ã‚°ã‚¢ãƒ‹ãƒ¡ãƒ¼ã‚·ãƒ§ãƒ³
2	CODE VEIN - &quot;UNDERWORLD&quot; Trailer (English) | X1, PS4, PC
2	Code Vein - Launch Trailer | PS4
2	Code Vein - Official Opening Cinematic Trailer
2	Code Vein - Official Trailer
4	Waltz of the Sirens, by Alma Deutscher
2	FINAL FANTASY XVII - Official Trailer (Special Reveal)
4	Julius Reubke - Piano Sonata (GSARCI VIDEO REVIVAL)
0	Change Your Life â€“ One Tiny Step at a Time
2	Xenoblade Chronicles 2 All Female Blades Idle Animations
2	How Xenoblade 2 Was Changed Outside Japan
0	Change Your Life â€“ One Tiny Step at a Time
0	Why You Are Lonely and How to Make Friends
0	Why You Are Lonely and How to Make Friends
4	Julius Reubke - Piano Sonata (GSARCI VIDEO REVIVAL)
4	Felix Draeseke - Piano Sonata in C# Minor &#39;Sonata quasi Fantasia&#39;, Op.6
4	Liszt: Sonata in B Minor (Zimerman)
2	How Xenoblade 2 Was Changed Outside Japan
0	Why You Are Lonely and How to Make Friends
2	Xenoblade Chronicles 3 Expansion Pass Wave 2 | Nintendo Direct September 2022
2	Nintendo Direct 9.13.2022
4	Felix Draeseke - Piano Sonata in C# Minor &#39;Sonata quasi Fantasia&#39;, Op.6
0	Why You Are Lonely and How to Make Friends
2	The Legend of Zelda: Tears of the Kingdom â€“ Official Trailer #1
1	ã€â™ªâ™« 1 Hour Nonstop â™«â™ªã€Greatest Hits of Aimer á´´á´°
1	Aimerã€Œæ˜Ÿã®æ¶ˆãˆãŸå¤œã« -rit. ver.-ã€MUSIC VIDEO(new albumã€æ˜Ÿã®æ¶ˆãˆãŸå¤œã«ã€now on saleï¼‰
